{
  "Andhra Pradesh": ["Anantapur", "Chittoor", "Eluru", "Guntur", "Kadapa", "Kakinada", "Kurnool", "Nellore", "Ongole", "Rajahmundry", "Srikakulam", "Tirupati", "Vijayawada", "Visakhapatnam", "Vizianagaram"],
  "Arunachal Pradesh": ["Itanagar", "Naharlagun", "Pasighat", "Roing", "Tezu"],
  "Assam": ["Barpeta", "Bongaigaon", "Dhubri", "Dibrugarh", "Diphu", "Goalpara", "Guwahati", "Jorhat", "Karimganj", "Lakhimpur", "Nagaon", "Silchar", "Tezpur", "Tinsukia"],
  "Bihar": ["Arrah", "Begusarai", "Bhagalpur", "Bihar Sharif", "Buxar", "Chapra", "Darbhanga", "Gaya", "Hajipur", "Katihar", "Motihari", "Muzaffarpur", "Patna", "Purnia", "Saharsa", "Samastipur", "Siwan"],
  "Chhattisgarh": ["Ambikapur", "Bilaspur", "Durg", "Jagdalpur", "Korba", "Raigarh", "Raipur"],
  "Goa": ["Mapusa", "Margao", "Panaji", "Ponda", "Vasco da Gama"],
  "Gujarat": ["Ahmedabad", "Anand", "Bharuch", "Bhavnagar", "Bhuj", "Gandhinagar", "Godhra", "Himmatnagar", "Jamnagar", "Junagadh", "Mehsana", "Morbi", "Navsari", "Palanpur", "Porbandar", "Rajkot", "Surat", "Vadodara", "Valsad"],
  "Haryana": ["Ambala", "Bhiwani", "Faridabad", "Gurgaon", "Hisar", "Jhajjar", "Karnal", "Kurukshetra", "Panipat", "Rohtak", "Sirsa", "Sonipat"],
  "Himachal Pradesh": ["Bilaspur", "Chamba", "Dharamshala", "Hamirpur", "Kullu", "Mandi", "Shimla", "Solan", "Una"],
  "Jharkhand": ["Bokaro", "Chaibasa", "Deoghar", "Dhanbad", "Dumka", "Giridih", "Hazaribagh", "Jamshedpur", "Ranchi"],
  "Karnataka": ["Bagalkot", "Ballari", "Belagavi", "Bengaluru", "Bidar", "Chikkamagaluru", "Davangere", "Dharwad", "Hassan", "Hubballi", "Kalaburagi", "Kolar", "Mandya", "Mangaluru", "Mysuru", "Raichur", "Shivamogga", "Tumakuru", "Udupi"],
  "Kerala": ["Alappuzha", "Ernakulam", "Idukki", "Kannur", "Kasaragod", "Kollam", "Kottayam", "Kozhikode", "Malappuram", "Palakkad", "Pathanamthitta", "Thiruvananthapuram", "Thrissur", "Wayanad"],
  "Madhya Pradesh": ["Balaghat", "Betul", "Bhopal", "Chhindwara", "Dewas", "Gwalior", "Indore", "Jabalpur", "Katni", "Khandwa", "Mandsaur", "Morena", "Ratlam", "Rewa", "Sagar", "Satna", "Ujjain"],
  "Maharashtra": ["Ahmednagar", "Akola", "Amravati", "Aurangabad", "Beed", "Bhandara", "Chandrapur", "Dhule", "Jalgaon", "Jalna", "Kolhapur", "Latur", "Mumbai", "Nagpur", "Nanded", "Nashik", "Osmanabad", "Parbhani", "Pune", "Ratnagiri", "Sangli", "Satara", "Solapur", "Thane", "Wardha", "Yavatmal"],
  "Odisha": ["Angul", "Balasore", "Baripada", "Berhampur", "Bhubaneswar", "Cuttack", "Jharsuguda", "Puri", "Rourkela", "Sambalpur"],
  "Punjab": ["Amritsar", "Barnala", "Bathinda", "Fazilka", "Firozpur", "Gurdaspur", "Hoshiarpur", "Jalandhar", "Ludhiana", "Mansa", "Moga", "Mohali", "Pathankot", "Patiala", "Rupnagar"],
  "Rajasthan": ["Ajmer", "Alwar", "Barmer", "Bharatpur", "Bhilwara", "Bikaner", "Chittorgarh", "Jaipur", "Jaisalmer", "Jodhpur", "Kota", "Pali", "Sikar", "Udaipur"],
  "Tamil Nadu": ["Chennai", "Coimbatore", "Cuddalore", "Dharmapuri", "Dindigul", "Erode", "Hosur", "Kanchipuram", "Karur", "Madurai", "Namakkal", "Salem", "Thanjavur", "Thoothukudi", "Tiruchirappalli", "Tirunelveli", "Tiruppur", "Vellore"],
  "Telangana": ["Adilabad", "Hyderabad", "Karimnagar", "Khammam", "Mahbubnagar", "Nalgonda", "Nizamabad", "Ramagundam", "Siddipet", "Warangal"],
  "Uttar Pradesh": ["Agra", "Aligarh", "Ayodhya", "Bareilly", "Firozabad", "Ghaziabad", "Gorakhpur", "Jhansi", "Kanpur", "Lucknow", "Mathura", "Meerut", "Moradabad", "Muzaffarnagar", "Noida", "Prayagraj", "Saharanpur", "Varanasi"],
  "Uttarakhand": ["Almora", "Dehradun", "Haldwani", "Haridwar", "Nainital", "Rishikesh", "Roorkee"],
  "West Bengal": ["Alipurduar", "Asansol", "Baharampur", "Bardhaman", "Berhampore", "Cooch Behar", "Durgapur", "Howrah", "Jalpaiguri", "Kolkata", "Malda", "Midnapore", "Siliguri"]
}
